Epochs,MSAS
1,0.7251628385327391
2,0.7271363578436421
3,0.7232600264065451
4,0.7330933607587704
5,0.7289795451948349
6,0.7275397097474574
7,0.727073610602307
8,0.7217689406924922
9,0.72503713861273
10,0.7260313107073477
