Epochs,AWD
100,0.10201197904487273
500,0.06533575070448831
2500,0.0763891306652853
5000,0.0556508087085395
10000,0.06844045040097828
