Epochs,AWD
1,0.13144122381177015
2,0.13727743799485853
4,0.13102807516464482
8,0.1275320771935881
16,0.12288144630752029
32,0.12243336189476277
64,0.10904630450990642
100,0.10175265566402858
250,0.08987592105431501
500,0.06499317248451793
1000,0.0719688545134626
1500,0.07721196913646676
2000,0.08008207255240768
2500,0.07608625908217478
5000,0.05493648513518442
10000,0.06641556929563977
