Epochs,AWD
500,0.13902209968025453
1000,0.14682215592776549
1500,0.05949090964865949
2000,0.07395745802914373
2500,0.07081001017966282
3000,0.05997022830818418
3500,0.08712562513955191
4000,0.07574215021669393
5000,0.05824538837720433
