Epochs,AWD
1,0.13166291139717176
50,0.1075174235355023
100,0.11579670293389831
150,0.08045087143496259
200,0.10043583750569364
250,0.0791063337737564
300,0.07296975680126852
350,0.07980325173326876
400,0.07147056046885876
450,0.07442564504904041
500,0.13902209968025453
1000,0.14682215592776549
1500,0.05949090964865949
2000,0.07395745802914373
2500,0.07081001017966282
3000,0.05997022830818418
3500,0.08712562513955191
4000,0.07574215021669393
5000,0.05824538837720433
