Epochs,AWD
500,0.06533575070448831
1000,0.07115293334190499
1500,0.07905072921957713
2000,0.08087444713104495
2500,0.0763891306652853
3000,0.06290708731324525
3500,0.0635706478418129
4000,0.05876197282703591
4500,0.09367849585412681
5000,0.0556508087085395
