metric,correlation,p_value
MSAS,0.6276205565667923,0.07036502278970762
AWD,-0.47699162299076214,0.19417917606506618
TC,-0.6443571047419068,0.06103295769909979
