metric,correlation,p_value,ci_lower,ci_upper
MSAS,0.4047619047619048,0.3198886412288162,-0.41958787255903557,0.8632224265622933
AWD,-0.3333333333333334,0.4197530864197531,-0.8405651039813907,0.4853420669798846
TC,-0.14285714285714288,0.735764859879812,-0.7700145813010999,0.6247031257224945
