metric,correlation,p_value
MSAS,-0.2992540876062727,0.2132685406776097
AWD,0.06230803583591015,0.7999576749991792
