metric,correlation,p_value,ci_lower,ci_upper
MSAS,0.2142857142857143,0.6103444156452669,-0.5776065832593366,0.7983992801245382
AWD,-0.11904761904761905,0.7788857260523797,-0.7599671787496551,0.6392519191340857
TC,0.09523809523809526,0.8225054302036114,-0.6532773946011277,0.7496038306715395
