metric,correlation,p_value,ci_lower,ci_upper
MSAS,0.7441176470588236,0.0009482827857378686,0.3935949725092074,0.9057319111600554
AWD,-0.6647058823529411,0.004967385937481994,-0.8728189099587357,-0.25205087412296584
TC,-0.5294117647058824,0.0349520067895181,-0.8120175225083869,-0.04569944133996406
