metric,correlation,p_value
MSAS,0.5166666666666667,0.1543901209862251
AWD,-0.35,0.35581957250178897
TC,-0.43333333333333335,0.2439524358800516
