metric,correlation,p_value
MSAS,0.11904761904761905,0.7788857260523797
AWD,-0.11904761904761905,0.7788857260523797
TC,0.261904761904762,0.530922861565801
