metric,correlation,p_value
MSAS,0.7999999999999999,0.10408803866182788
AWD,-0.7999999999999999,0.10408803866182788
TC,-0.9999999999999999,1.4042654220543672e-24
