Epochs,f1
1,0.6163204071910198
2,0.7696141796707334
4,0.24351299792324105
8,0.7063138787587699
16,0.6942334886737387
32,0.6744005542385809
64,0.47195499743932184
100,0.6783391498807815
250,0.6789203781958
500,0.8685081963684462
1000,0.7459640399610005
1500,0.8696921473728377
2000,0.8184068272953032
2500,0.8792068464062082
5000,0.7860622555828496
10000,0.8704662324312498
