Epochs,F1-ratio
1,0.014298480786416443
50,1.0
100,0.4815340909090909
150,0.4909344490934449
200,0.3258636788048553
250,0.3244256915142991
300,0.3277623026926648
350,0.323943661971831
400,0.4763271162123386
450,0.4844632768361582
500,0.08591885441527447
1000,0.4733044733044733
1500,0.32102272727272724
2000,0.2684124386252046
2500,0.2677595628415301
3000,0.3244256915142991
3500,0.15003538570417552
4000,0.3160422670509126
5000,0.3195435092724679
