Epochs,F1-ratio
100,0.5919205672206221
500,0.8066245327507588
2500,0.747692954399689
5000,0.7482752987595002
10000,0.6068929849923868
