Epochs,F1-ratio
500,0.0
1000,0.9013698630136986
1500,0.947945205479452
2000,0.7397260273972602
2500,0.6712328767123288
3000,0.947945205479452
3500,0.27945205479452057
4000,0.958904109589041
5000,0.9287671232876712
