Epochs,F1-ratio
500,0.0
1000,0.49022346368715086
1500,0.32538569424964936
2000,0.2773333333333333
2500,0.3150289017341041
3000,0.32248939179632247
3500,0.15653389238294899
4000,0.31755141080822574
5000,0.4503012048192771
