Epochs,F1-ratio
100,0.7152506512886433
500,0.7758809489277368
1000,0.7502281687458787
1500,0.8566299602066061
2000,0.801946968230585
2500,0.8420899356723032
5000,0.7786305161215412
10000,0.8699925971192636
