Epochs,MSAS
1,0.4728847315408852
2,0.4669768353004554
4,0.4738854335014774
8,0.4791174886135462
16,0.47637004750477496
32,0.4849535563282563
64,0.4658308438219305
100,0.5357379564784432
250,0.5557454658243139
500,0.732611783143151
1000,0.7128230243074261
1500,0.7315000734609922
2000,0.6961588063405
2500,0.6929689668119562
5000,0.7457433436178722
10000,0.7484450756648219
