Epochs,MSAS
100,0.6480059421780368
500,0.7756370700491373
1000,0.760061707233459
1500,0.7600159981716376
2000,0.7331162152896812
2500,0.7270826191292424
5000,0.7795223403039652
10000,0.7674208661867215
