Epochs,MSAS
100,0.5357379564784432
500,0.732611783143151
1000,0.7128230243074261
1500,0.7315000734609922
2000,0.6961588063405
2500,0.6929689668119562
5000,0.7457433436178722
10000,0.7484450756648219
