Epochs,MSAS
500,0.7756370700491373
1000,0.7596274711461547
1500,0.7588961261570106
2000,0.7355730773625873
2500,0.7270826191292424
3000,0.7880813621300422
3500,0.7480630785053137
4000,0.7406010741629527
4500,0.740818192206605
5000,0.7795223403039652
