Epochs,MSAS
100,0.6480059421780368
500,0.7756370700491373
2500,0.7270826191292424
5000,0.7795223403039652
10000,0.7674208661867215
