Epochs,MSAS
1,0.5180507892930679
50,0.5339052848318463
100,0.5582017844886754
150,0.6532143674216427
200,0.6069778082818577
250,0.6977121940059482
300,0.685220773278426
350,0.6946922900938001
400,0.6885609700297415
450,0.6920155570807596
500,0.5373141157629833
1000,0.6040494166094714
1500,0.7365820178448867
2000,0.715442690459849
2500,0.7183253260123542
3000,0.7343170899107756
3500,0.7131548844657973
4000,0.715579958819492
5000,0.7427362159688858
