Epochs,TC
100,0.0053091608848753495
500,0.0047058297188188915
1000,0.00473470154007052
1500,0.005006248067430193
2000,0.004799307065855453
2500,0.005035670768529475
5000,0.0048726072522099675
10000,0.005080881075395254
