Epochs,TC
500,0.0047058297188188915
1000,0.00474452157863241
1500,0.00495675376385536
2000,0.004785892623017664
2500,0.005035670768529475
3000,0.004664758613391755
3500,0.00561502358220233
4000,0.004810706140803032
4500,0.005090549501710638
5000,0.0048726072522099675
