Epochs,TC
500,0.005228444402868248
1000,0.0040650014369115915
1500,0.003082704365138637
2000,0.003587953557736834
2500,0.0032768729916806106
3000,0.0029294029034367293
3500,0.0034093291806682044
4000,0.0033909214668092456
5000,0.003190899099517395
