Epochs,TC
1,0.00601179425321316
2,0.00621341603101926
4,0.00601304413420946
8,0.00590555354476
16,0.00587714823329252
32,0.005714784440326299
64,0.005498302928151099
100,0.0053040828872335
250,0.00483540266010582
500,0.0046576860615689
1000,0.00467648747882266
1500,0.0049829255407299
2000,0.004793199513921
2500,0.0050040805351070205
5000,0.00487480050877774
10000,0.0050881599004168
