Copy,MSAS
1,0.7467064988491111
2,0.7445842924073984
3,0.7454168503191472
4,0.745661720293191
5,0.7463473562205136
