Copy,MSAS
1,0.28147811944475964
2,0.2816483225538031
3,0.28160104391240215
4,0.28162941109724265
5,0.28189417148908813
