Copy,MSAS
1,0.3619841900223155
2,0.36156813797798704
3,0.36286357275237335
4,0.36272173682817055
5,0.36350656227542644
