Copy,MSAS
1,0.5774291765951813
2,0.5762245168122849
3,0.5753110934604183
4,0.5770452740270056
5,0.5776939369870266
