Copy,MSAS
1,0.649510193275086
2,0.6471405877680698
3,0.647047921630924
4,0.6493380990203865
5,0.6499073338628542
