Copy,MSAS
1,0.7946783161239079
2,0.7947709822610538
3,0.7952607889859676
4,0.7945724119671698
5,0.7967566851998942
