Copy,MSAS
1,0.4557188244638602
2,0.45626725670411133
3,0.45664548583531905
4,0.4579314648814252
5,0.4593403683951738
