Copy,MSAS
1,0.382134346987405
2,0.38342032603351106
3,0.38363780778395556
4,0.3809334694958205
5,0.3849332425583419
