Copy,MSAS
1,0.6049907333862855
2,0.6059306327773365
3,0.6044612126025946
4,0.6032036007413291
5,0.6086444267937516
