Copy,MSAS
1,0.28142138507507847
2,0.28125118196603505
3,0.2812606376943152
4,0.28141192934679826
5,0.28141192934679826
