Copy,MSAS
1,0.27972880971292413
2,0.2798044555391656
3,0.2798517341805666
4,0.27953023941904
5,0.2799746586482091
