Copy,MSAS
1,0.38769431521615794
2,0.38968947388327857
3,0.3879779870645637
4,0.38673928665985857
5,0.3895570936873558
