Copy,MSAS
1,0.6111464124966905
2,0.6115038390256817
3,0.6115832671432354
4,0.6108948901244374
5,0.6139396346306591
