Copy,MSAS
1,0.43979537804001667
2,0.4405802034872726
3,0.43647641741366916
4,0.43937932599568824
5,0.44006013843186204
