Copy,MSAS
1,0.6728752978554409
2,0.6772967963992587
3,0.675191951284088
4,0.6701615038390256
5,0.6753905215779719
