Copy,MSAS
1,0.28769998865312607
2,0.28722720223911646
3,0.2877567230228072
4,0.28710427777147396
5,0.2878796474904497
