Copy,MSAS
1,0.2768731797723061
2,0.27727977608835436
3,0.27727977608835436
4,0.276920458413707
5,0.2773081432731949
