Copy,MSAS
1,0.41045425318658035
2,0.4114754718408412
3,0.41048262037142097
4,0.4111539770793146
5,0.41190097961344985
