Copy,MSAS
1,0.6013370399788192
2,0.6015356102727033
3,0.6009134233518666
4,0.6003309504898067
5,0.6012046597828965
