Copy,MSAS
1,0.6592136616362192
2,0.6592401376754038
3,0.6597696584590944
4,0.6555996822875299
5,0.6595048980672491
