Copy,MSAS
1,0.436712810620674
2,0.43654260751163054
3,0.4388119822988767
4,0.4324955558077084
5,0.43293997503687737
