Copy,MSAS
1,0.33924316350845346
2,0.33947955671545826
3,0.3383732365066757
4,0.3393093536064148
5,0.3392904421498544
