Copy,MSAS
1,0.2802205075834941
2,0.2801637732138129
3,0.27989901282196755
4,0.27995574719164873
5,0.279823366995726
