Copy,TC
1,0.0009963700786178007
2,0.00099573990685028
3,0.0009960331728218251
4,0.0009918677268463143
5,0.0009996051755531137
