Copy,TC
1,0.0022634356866386403
2,0.0023564349592705694
3,0.0023155742571593224
4,0.002220127704543541
5,0.0023064056349596817
