Copy,TC
1,0.0038620843922868766
2,0.0035837977784217
3,0.0038060021992264376
4,0.0037833043400493467
5,0.003851079956101312
