Copy,TC
1,0.0012527883134096204
2,0.0012665595795054566
3,0.001247974999820457
4,0.0012363561327031582
5,0.0012488592306627577
