Copy,TC
1,0.0013702988355991774
2,0.0014070014131932708
3,0.0014191559137898236
4,0.001404802329294412
5,0.0014083718361631102
