Copy,F1-ratio
1,1.011560170761246
2,0.9943955248056398
3,1.0168172265096447
4,0.9921210937398538
5,1.0106444965326904
