Copy,F1-ratio
1,0.9685809813325919
2,0.9797689902741462
3,0.972288145933606
4,0.9748913899299416
5,0.9700107561506235
