Copy,F1-ratio
1,0.9685809813325919
2,0.9797689902741464
3,0.9722881459336061
4,0.9748913899299418
5,0.9700107561506235
