Copy,F1-ratio
1,0.9799069043460304
2,0.960409929743428
3,0.9653003907033499
4,0.9584661898517532
5,0.9619303789116745
