Copy,F1-ratio
1,0.993305484297779
2,1.0100867967465093
3,0.9973208263882514
4,0.9941703229979374
5,1.0146855669853472
