Copy,F1-ratio
1,1.020928448392198
2,1.015035358674751
3,1.003374271767017
4,1.003572207382869
5,0.9954411441567388
