Copy,F1-ratio
1,0.9881721635728788
2,0.9645118582449983
3,0.9863654430163519
4,1.0041449078418703
5,1.006215032143066
