Copy,F1-ratio
1,0.9881721635728787
2,0.9645118582449983
3,0.9863654430163519
4,1.0053138024262507
5,1.0062150321430663
