Copy,F1-ratio
1,1.0027779959318905
2,1.000968024857079
3,0.9987344344619995
4,0.9778711636994339
5,0.9899561549650505
