Copy,F1-ratio
1,1.0133017400665985
2,0.9976213717964288
3,1.0213371359894265
4,1.0079991539232938
5,0.9939929391398289
