Copy,F1-ratio
1,0.9874214693077412
2,0.9756193180688396
3,0.9825431381888842
4,0.9984361301460499
5,0.9794201653589685
