Copy,F1-ratio
1,0.9423735542476454
2,0.9426153639903566
3,0.9446488313066231
4,0.9238926110835547
5,0.9423417525966215
