Copy,F1-ratio
1,1.0032214427057011
2,1.0118539246804776
3,0.988759273496676
4,0.9980275662559762
5,0.999854037580254
