Copy,F1-ratio
1,0.9921210937398538
2,0.9991377759404176
3,1.0092414609716918
4,1.000069045968756
5,1.0043578621957296
