Copy,F1-ratio
1,1.0032214427057011
2,1.0118539246804779
3,0.988759273496676
4,1.0117995991667619
5,0.999854037580254
