Copy,F1-ratio
1,0.9835094124444161
2,0.9708914365508509
3,0.9789272632759092
4,0.9789272632759092
5,0.9708914365508509
