Copy,F1-ratio
1,1.0073947021872802
2,1.0100867967465093
3,0.9910312366902578
4,1.0079271869010356
5,1.0020437412991372
