Copy,F1-ratio
1,1.0023952302925356
2,0.9921210937398538
3,0.9984291084354778
4,0.9805192402360738
5,1.003374271767017
