Copy,F1-ratio
1,0.9765241718490486
2,0.9713126626231622
3,0.9613106695868323
4,0.9659303714018156
5,0.9685405932417369
