Copy,F1-ratio
1,0.8709027512299753
2,0.8552013453382412
3,0.8752814338943188
4,0.8827136139559595
5,0.8748813840723492
