Copy,F1-ratio
1,0.9977003169474529
2,0.985656331311581
3,0.9930627231405293
4,1.0043679542795965
5,0.9908740757676769
