Copy,F1-ratio
1,0.987110335098907
2,0.9888747307801233
3,1.0023292212747301
4,0.9739418868335178
5,0.9874224639238094
