Copy,F1-ratio
1,0.96530039070335
2,1.0047812507777536
3,0.9677345731715286
4,0.9769740017163959
5,0.9877636788082661
