Copy,F1-ratio
1,0.9677345731715286
2,0.9677345731715286
3,0.9677345731715286
4,0.9644954555380099
5,0.96530039070335
