Copy,F1-ratio
1,1.0167611701369959
2,1.0058321168394733
3,0.9987344344619995
4,1.0133120292550153
5,1.0075063218021176
