metric,correlation,p_value,ci_lower,ci_upper
TC_output.csv,-0.7058823529411764,0.002245900601051328,-0.8901245261770039,-0.32330432433853656
