Copy,MSAS
1,0.5761053746359545
2,0.5756817580090019
3,0.5767540375959757
4,0.5769923219486366
5,0.5775747948106964
