Copy,MSAS
1,0.6520575664737698
2,0.6514334884072771
3,0.6504784598509776
4,0.6514429441355573
5,0.6534381028026778
