Copy,MSAS
1,0.4390200083210409
2,0.44006959416014224
3,0.4407314951397556
4,0.43850939899391045
5,0.4398332009531374
