Copy,MSAS
1,0.4725174265798195
2,0.47334998449156834
3,0.4733010104967596
4,0.47264802389930954
5,0.4726072122369687
