Copy,MSAS
1,0.647617415152554
2,0.6479945149125814
3,0.6470003428179636
4,0.6492400868472175
5,0.6475602788252771
