Copy,MSAS
1,0.5354734969064759
2,0.5370488270728243
3,0.5344450430154921
4,0.5352286269324321
5,0.5364937884649917
