Copy,MSAS
1,0.7728945263398468
2,0.7708604730887898
3,0.7741172437435722
4,0.7735801622671695
5,0.7725631356416409
