Copy,MSAS
1,0.7500775421584471
2,0.7459065902672348
3,0.7495061788856782
4,0.748902166283037
5,0.7478329007297125
