Copy,MSAS
1,0.7128899554336647
2,0.7129307670960053
3,0.7120573975219159
4,0.7138939223272441
5,0.7123430791583002
