Copy,MSAS
1,0.7600959890298251
2,0.7577076905496515
3,0.7598902982516285
4,0.7576162724260084
5,0.757204890869615
