Copy,MSAS
1,0.7570220546223287
2,0.7559021826077019
3,0.760758770426237
4,0.7586904353788139
5,0.7566563821277568
