Copy,MSAS
1,0.7308878985258827
2,0.730063502946602
3,0.7322510080480598
4,0.7325448520169123
5,0.7317531057675041
