Copy,MSAS
1,0.4764271838320518
2,0.47536608061119545
3,0.4768026511255856
4,0.4773985013957589
5,0.47585582055928305
