Copy,MSAS
1,0.4669996898313662
2,0.466665034200173
3,0.4674322934521769
4,0.46760370243400745
5,0.4661834565845537
