Copy,MSAS
1,0.7399154382356301
2,0.7370929036681522
3,0.736658667580848
4,0.7368300765626785
5,0.7359158953262483
