Copy,MSAS
1,0.697822289697504
2,0.6938635584504628
3,0.69640204384805
4,0.696916270793542
5,0.6957898689129406
