Copy,MSAS
1,0.5558956527417275
2,0.5559364644040681
3,0.5565241523417732
4,0.5543366472403154
5,0.5560344123936857
