Copy,MSAS
1,0.6945491943777854
2,0.6929330525490963
3,0.6890396199618003
4,0.6939859934374847
5,0.694336973733614
