Copy,MSAS
1,0.7286938635584504
2,0.7232087761398699
3,0.7280082276311279
4,0.7219174951434122
5,0.7268426465546796
