Copy,MSAS
1,0.4854057495469905
2,0.4845650293027735
3,0.48487519793656225
4,0.4849976329235843
5,0.4849241719313711
