Copy,MSAS
1,0.47411724374357217
2,0.47404378275135906
3,0.4750069379825979
4,0.4733744714889727
5,0.4728847315408851
