Copy,MSAS
1,0.7308144375336697
2,0.733752877222195
3,0.731483748796056
4,0.7347405194508383
5,0.732267332712996
