Copy,MSAS
1,0.7765741058164781
2,0.7775682779110958
3,0.7762884241800936
4,0.776117015198263
5,0.7780710775911325
