Copy,MSAS
1,0.7814078391041024
2,0.7826534110387385
3,0.7791566678093933
4,0.7807793395040568
5,0.7824820020569078
