Copy,MSAS
1,0.46615896958714914
2,0.4651876520234422
3,0.46571820363387045
4,0.46639567722872494
5,0.465693716636466
