Copy,MSAS
1,0.4790636172192566
2,0.4794880585075991
3,0.4790391302218522
4,0.47858203960363715
5,0.479414597515386
