Epochs,AWD
100,0.15208807198857283
500,0.10606102409183193
1000,0.08119372519273416
1500,0.07505491582094156
2000,0.11777238486690607
2500,0.059153037830544694
5000,0.07378187871771288
10000,0.0281687015011294
