Epochs,AWD
500,0.10646665596142946
1000,0.0828356899082685
1500,0.0746420125553741
2000,0.11499834274647766
2500,0.05952536440991328
5000,0.07341234071612171
