metric,correlation,p_value,ci_lower,ci_upper
MSAS,0.5000000000000001,0.20703124999999997,-0.5389252837037308,0.9355654033602685
AWD,-0.523809523809524,0.18272075053971484,-0.9394706849627735,0.5156313078610055
TC,0.28571428571428575,0.4927262450169573,-0.6952529371093533,0.894867071546597
