metric,correlation,p_value
MSAS,0.7142857142857144,0.04652823228416724
AWD,-0.5714285714285715,0.1389599571607067
TC,0.1666666666666667,0.693238811728395
