metric,correlation,p_value
MSAS,-0.028571428571428574,0.9571545189504373
AWD,-0.2571428571428572,0.6227871720116618
TC,0.14285714285714288,0.7871720116618075
