Epochs,MSAS
100,0.5767407995763834
500,0.6010643367752185
1000,0.648588827111464
1500,0.6054461212602595
2000,0.6118136086841408
2500,0.6741832141911571
5000,0.6586656076250993
10000,0.7952078369075986
