Epochs,MSAS
100,0.5766216574000531
500,0.5996452210749272
1000,0.647871326449563
1500,0.606102727032036
2000,0.6104686258935663
2500,0.6744903362456978
5000,0.6570876356897009
10000,0.7968281705056924
