Epochs,AWD
1,0.0777217638693835
2,0.07620581967543438
3,0.07826227828551517
4,0.07426058625760837
5,0.07597223665236451
6,0.07676940897808128
7,0.0772383472218259
8,0.07880580042913941
9,0.07748674950821305
10,0.0768683433267956
