Epochs,F1-ratio
1,0.7937148132205785
4,0.7714859463552084
5,0.7424285705468313
6,0.7513859960735965
8,0.763606584318378
9,0.736247123737938
10,0.7494893833536656
