Copy,TC
1,0.001465190361746413
2,0.0014590445334736757
3,0.0014684749614460404
4,0.0014665619884069287
5,0.001464098309028746
