Copy,TC
1,0.00099457050205666
2,0.0009894253594986695
3,0.0010013792383287662
4,0.0009953392722112518
5,0.0009991565587633103
