Copy,TC
1,0.0011353577740737023
2,0.0011288426332175066
3,0.0011362973217370332
4,0.0011235396580396434
5,0.0011410725708155087
