Copy,TC
1,0.001120715011749495
2,0.0011289180468125092
3,0.0011476889401884096
4,0.0011239873530840573
5,0.0011329110511393388
