Copy,TC
1,0.0022734248785279522
2,0.0023587868051552757
3,0.0023374746662293585
4,0.0022656288990645945
5,0.0023078566261650005
