Copy,TC
1,0.001420421950556288
2,0.0014327959067935866
3,0.0014547215002319444
4,0.0014080925851365444
5,0.0014391545958269204
