Copy,TC
1,0.0014181715164631903
2,0.0014379010822087508
3,0.001443555841070391
4,0.001415307355702699
5,0.0014434610642653175
