Copy,TC
1,0.0015703047103499028
2,0.001568369873632741
3,0.001566627267782041
4,0.0015581203349565715
5,0.0015713096217980739
