Copy,TC
1,0.001538804546453226
2,0.0015387885190286422
3,0.0015377846218178576
4,0.0015364798382721992
5,0.0015386684782464743
