Copy,TC
1,0.003781480457250438
2,0.00374683563837283
3,0.003756586227943599
4,0.003606150108481712
5,0.0038157035900210226
