Copy,TC
1,0.0011903934301011631
2,0.001193254565470594
3,0.0011967405631310908
4,0.0011752477333056377
5,0.0011836475223075086
