Copy,TC
1,0.00126970638730996
2,0.0012892361600287824
3,0.0012943444880471522
4,0.0012691702489079654
5,0.0013051609384063117
