Copy,TC
1,0.0012918365350135716
2,0.0012937304680169087
3,0.0012911588795016767
4,0.0012732135778174912
5,0.0012851128413620507
