Copy,TC
1,0.0016026330767434098
2,0.0016044539415098244
3,0.0016116305545463088
4,0.0016026900148201084
5,0.0016049031391761417
