Copy,TC
1,0.0015064832105936147
2,0.001495658550823752
3,0.0014961878754181947
4,0.0014974053831105815
5,0.0015065524927294139
