Copy,TC
1,0.0012495932911133544
2,0.0012629997204637684
3,0.0012523742891141503
4,0.0012543063374471342
5,0.0012444765181773019
