Copy,TC
1,0.0013729949468113403
2,0.0013984744747445016
3,0.0014304484671911072
4,0.0013806160094980103
5,0.0014218115005647436
