Copy,TC
1,0.0015582008219869258
2,0.0015607607785414173
3,0.0015652376379334525
4,0.0015545410350766803
5,0.001568529477977729
