Copy,TC
1,0.0015241034755280112
2,0.0015151621955914079
3,0.0015218029034684579
4,0.001520933724159183
5,0.0015139003261446491
