Epochs,AWD
100,0.10175265566402858
500,0.06499317248451793
1000,0.0719688545134626
1500,0.07721196913646676
2000,0.08008207255240768
2500,0.07608625908217478
5000,0.05493648513518442
10000,0.06641556929563977
