Epochs,AWD
2500,0.07734066271339826
5000,0.054660629134205274
10000,0.0665689476158137
2000,0.07996188914935812
500,0.06516349993402597
100,0.10147268213785665
1000,0.0718981023283077
1500,0.07779422122284549
