metric,correlation,p_value
MSAS,0.4047619047619048,0.3198886412288162
AWD,-0.3333333333333334,0.4197530864197531
TC,-0.14285714285714288,0.735764859879812
