metric,correlation,p_value,ci_lower,ci_upper
MSAS,0.0,1.0,-0.8183976821784755,0.8183976821784755
AWD,-0.11904761904761905,0.7788857260523797,-0.8542200935334672,0.774841555127514
TC,0.09523809523809526,0.8225054302036114,-0.7842891510733471,0.8475736524065635
