Epochs,f1
100,0.6783391498807814
500,0.8607093480563641
1000,0.744484737178308
1500,0.868138093930046
2000,0.8184068272953032
2500,0.8707204391368419
5000,0.7865966423438469
10000,0.8617406725949749
