Epochs,F1-ratio
500,0.08591885441527447
1000,0.4733044733044733
1500,0.32102272727272724
2000,0.2684124386252046
2500,0.2677595628415301
3000,0.3244256915142991
3500,0.15003538570417552
4000,0.3160422670509126
5000,0.3195435092724679
