Epochs,MSAS
500,0.5373141157629833
1000,0.6040494166094714
1500,0.7365820178448867
2000,0.715442690459849
2500,0.7183253260123542
3000,0.7343170899107756
3500,0.7131548844657973
4000,0.715579958819492
5000,0.7427362159688858
