Epochs,TC
100,0.0053040828872335
500,0.0046576860615689
1000,0.00467648747882266
1500,0.0049829255407299
2000,0.004793199513921
2500,0.0050040805351070205
5000,0.00487480050877774
10000,0.0050881599004168
