Epochs,TC
1,0.006284741155706483
50,0.0059441226986564795
100,0.005814009525439304
150,0.003647613992408932
200,0.004537829648121328
250,0.002949550817884386
300,0.003298733186560499
350,0.0034443602101012815
400,0.0031561541916643593
450,0.003521208832918934
500,0.005228444402868248
1000,0.0040650014369115915
1500,0.003082704365138637
2000,0.003587953557736834
2500,0.0032768729916806106
3000,0.0029294029034367293
3500,0.0034093291806682044
4000,0.0033909214668092456
5000,0.003190899099517395
