Copy,TC
1,0.006024228038973486
2,0.0060091612571898986
3,0.006005506902885896
4,0.0060053033017959355
5,0.006014771765220918
