Copy,TC
1,0.004668136379661568
2,0.004677121696742598
3,0.004739919020023785
4,0.004629665810193954
5,0.00466759448749173
