Copy,TC
1,0.005063925639166256
2,0.005076080482522741
3,0.005083474978194796
4,0.005105776115956601
5,0.005111542286243884
