Copy,TC
1,0.004999331271218478
2,0.005029378106425334
3,0.004921400039587017
4,0.004926472686758627
5,0.005038045599660203
