Copy,TC
1,0.005879010072903372
2,0.0058678083395443765
3,0.0058747047988589925
4,0.005880694483985112
5,0.005883523471171002
