Copy,TC
1,0.006213894866694161
2,0.00620525230936552
3,0.006222364576976791
4,0.006209098406707991
5,0.006216469995352191
