Copy,TC
1,0.0047912597075566166
2,0.004756917268994954
3,0.0048100971850589475
4,0.004801507991325104
5,0.004806215416669515
