Copy,TC
1,0.004794443205045905
2,0.004778445880904172
3,0.004777556648858335
4,0.004786338343932191
5,0.004756737076157758
