Copy,TC
1,0.004832674590556024
2,0.004841825526420564
3,0.004821857289088052
4,0.004828699265869248
5,0.004851956628595453
