Copy,TC
1,0.004981269764789158
2,0.004971853309165444
3,0.005025266450369717
4,0.0050110951691986864
5,0.005030917982012394
