Copy,TC
1,0.0057207931129827925
2,0.005709538771920237
3,0.005717753377627772
4,0.005709680157428782
5,0.00571615678167224
