Copy,TC
1,0.006030746042822186
2,0.006009525743645748
3,0.006013535112767707
4,0.005998469143235003
5,0.006012944628576807
