Copy,TC
1,0.004641156415475618
2,0.004620802165413832
3,0.0047173823848611985
4,0.004711845780412708
5,0.004721730107043712
