Copy,TC
1,0.004622231479752992
2,0.004675973313851303
3,0.00472437623578062
4,0.004647231497227817
5,0.004618617781231955
