Copy,TC
1,0.0048526773678462705
2,0.004850907661833347
3,0.004834987803370045
4,0.0048438555952748305
5,0.004861493500118065
