Copy,TC
1,0.004943974620929107
2,0.004802098825088255
3,0.004874993153553979
4,0.004902952370498853
5,0.004849983573818702
