Copy,TC
1,0.0055087273255608315
2,0.005488395798557107
3,0.005501195260869163
4,0.005496526330817905
5,0.0054966699249506465
