Copy,TC
1,0.005907786267629882
2,0.005914181080959139
3,0.0058932496059490224
4,0.005906968107085148
5,0.005905582662177036
