Copy,F1-ratio
1,0.5013743455110253
2,0.6902936503772605
3,0.7711454489229715
4,0.6034462422936826
5,0.5153423488501593
