Copy,F1-ratio
1,0.7647557619531616
2,0.5957526019837555
3,0.6465994575378003
4,0.6721760951923794
5,0.7124118327368103
