Copy,F1-ratio
1,0.6461924894799762
2,0.6768877656840011
3,0.7231659541682647
4,0.6860908138998735
5,0.8562840370588699
