Copy,F1-ratio
1,0.7680648108165582
2,0.9321752698667346
3,0.856244729292482
4,0.8431135993114313
5,0.936707053660683
