Copy,F1-ratio
1,0.7478952231480289
2,0.6594150668565163
3,0.7861320765957543
4,0.8285913205937524
5,0.7624163627229746
