Copy,F1-ratio
1,0.7342039425563888
2,0.8993716826881245
3,0.9427845600609622
4,0.8607031168550611
5,0.915267859995712
