Copy,F1-ratio
1,0.7482563023666476
2,0.8052394508746559
3,0.6954361078462189
4,0.7429585932433308
5,0.7379297454741495
