Copy,F1-ratio
1,0.7482563023666476
2,0.802575241776445
3,0.6954361078462189
4,0.7382262884280791
5,0.7379297454741495
