Copy,F1-ratio
1,0.8830297911461548
2,0.8038795454725556
3,0.7895329966135546
4,0.8275171895496005
5,0.8451981385024186
