Copy,F1-ratio
1,0.8549472278403734
2,0.8917005651504889
3,0.8903430369100154
4,0.8240437936193608
5,0.8874261133439496
