Copy,F1-ratio
1,0.7484157160683669
2,0.7096232679865956
3,0.641026613990579
4,0.6888535046074714
5,0.6832483407156804
