Copy,F1-ratio
1,0.8516887693085128
2,0.7538716376356212
3,0.7871851524524967
4,0.7298289654179722
5,0.7254963735390636
