Copy,F1-ratio
1,0.8187211961806359
2,0.8025465959827852
3,0.8201122140258714
4,0.8043808509345409
5,0.8462732793526836
