Copy,F1-ratio
1,0.8751661722633465
2,0.7793224550167188
3,0.8065905233602171
4,0.7967495528406451
5,0.7727410016219248
