Copy,F1-ratio
1,0.6518407020550637
2,0.7185451437037395
3,0.6504892367906067
4,0.6453470719256954
5,0.7283797365038951
