Copy,F1-ratio
1,0.8868490762221125
2,0.7582778110148851
3,0.8805316343809982
4,0.9511720119392608
5,0.9192036984737839
