Copy,F1-ratio
1,0.7457124891672556
2,0.8169358789494193
3,0.714437696372288
4,0.7978024673696956
5,0.9381518861157633
