Copy,F1-ratio
1,0.8721086429039887
2,0.7582778110148851
3,0.8685963816312174
4,0.9511720119392607
5,0.9034473481948576
