Copy,F1-ratio
1,0.7080023435077446
2,0.677712244626538
3,0.7120106984989035
4,0.5793170480337089
5,0.6949604365260097
