Copy,F1-ratio
1,0.2025650432820021
2,0.20389577285312702
3,0.2703006387510266
4,0.10463071319156346
5,0.4361728215384863
