Copy,F1-ratio
1,0.8601923992829541
2,0.8759643338448212
3,0.8376154167634084
4,0.8428313446964625
5,0.8869432456941746
