Copy,F1-ratio
1,0.8633390868935982
2,0.8759643338448212
3,0.8313973986645311
4,0.8848969167451061
5,0.8869432456941748
