Copy,F1-ratio
1,0.8375640171169565
2,0.8356938199652065
3,0.8334265499446919
4,0.8241213567196511
5,0.8327244325009285
