Copy,F1-ratio
1,0.7858497029262579
2,0.7871851524524967
3,0.7871851524524967
4,0.7845132186475101
5,0.7855780514354863
