Copy,F1-ratio
1,0.4300990662179457
2,0.6393787223248265
3,0.4300990662179457
4,0.4300990662179457
5,0.4300990662179457
