Copy,F1-ratio
1,0.6583785935946579
2,0.742329794110401
3,0.648548321188325
4,0.8331759986180495
5,0.6491366862824165
