Epochs,AWD
100,0.15214167424089128
500,0.10610012898209517
1000,0.08157592726659928
1500,0.07537732561154296
2000,0.11601535790612165
2500,0.05942681275699559
5000,0.07299873066262666
10000,0.0284479301723695
