Epochs,AWD
1,0.1365146720745261
2,0.13072367354819697
4,0.13103645986773585
8,0.13303606446823327
16,0.1292607904563447
32,0.11432789548471571
64,0.09956228989922068
100,0.15208807198857283
250,0.12532559120418946
500,0.10606102409183193
1000,0.08119372519273416
1500,0.07505491582094156
2000,0.11777238486690607
2500,0.059153037830544694
5000,0.07378187871771288
10000,0.0281687015011294
