Epochs,AWD
100,0.15216308002558154
500,0.10646665596142946
2500,0.05952536440991328
5000,0.07341234071612171
10000,0.027856070527922716
