metric,correlation,p_value
MSAS,0.3142857142857143,0.5440932944606414
AWD,-0.6,0.20799999999999982
TC,0.14285714285714288,0.7871720116618075
