metric,correlation,p_value
MSAS,0.6,0.20799999999999982
AWD,-0.7714285714285715,0.07239650145772594
TC,-0.3142857142857143,0.5440932944606414
