metric,correlation,p_value,ci_lower,ci_upper
MSAS,0.38235294117647056,0.14385924954389048,-0.13986082489180754,0.7381529090541922
AWD,-0.25588235294117645,0.33878990807124576,-0.6669857163462383,0.27466168149783404
TC,-0.11470588235294117,0.672291046599723,-0.5775703772926196,0.4039692682185206
