metric,correlation,p_value
AWD,-0.3,0.6238376647810728
MSAS,0.3,0.6238376647810728
TC,-0.19999999999999998,0.747060078104662
