metric,correlation,p_value,ci_lower,ci_upper
MSAS,0.3571428571428572,0.38512064355625636,-0.464406828330739,0.8483200173967266
AWD,-0.523809523809524,0.18272075053971484,-0.8972825501245848,0.286681772528614
TC,0.28571428571428575,0.4927262450169573,-0.524573766140821,0.8244054433064272
