metric,correlation,p_value,ci_lower,ci_upper
MSAS,0.7142857142857144,0.04652823228416724,0.01935477668002405,0.9438721204470399
AWD,-0.5714285714285715,0.1389599571607067,-0.9097658587801412,0.22306666602825684
TC,0.1666666666666667,0.693238811728395,-0.6096011685378526,0.7797602696534791
