Epochs,f1
100,0.9652027587112473
500,0.9943322802893672
1000,1.0013150348050643
1500,0.9940615547830906
2000,1.0009854477632898
2500,1.003696732764844
5000,0.98506547613609
10000,1.0019137994831648
