Epochs,f1
100,0.9731080527241819
500,0.9879357275822175
1000,0.9901156598807093
1500,1.0068504681831152
2000,1.0003432489438169
2500,0.9953677888941919
5000,0.9805107790354588
10000,1.0076702860747146
