Epochs,f1
1,1.005107702469815
2,0.9391744226449603
4,0.8717961056981688
8,1.0084292144991205
16,0.9846880442140966
32,0.9687236937405193
64,0.9665999131511891
100,0.9731080527241819
250,0.9766293624195871
500,0.9879357275822175
1000,0.9898818809638332
1500,1.0068504681831152
2000,1.003097655525974
2500,0.9953677888941916
5000,0.9805107790354588
10000,1.0076702860747146
