Epochs,F1-ratio
100,0.8993142044707252
500,0.8869074049262786
2500,0.8440681752093552
5000,0.9118031547179847
10000,0.9387043849594682
