Epochs,F1-ratio
500,0.5089033441728537
1000,0.484954860862142
1500,0.6091910200720051
2000,0.5608821561333449
2500,0.7021091361351506
5000,0.6237282388872655
