Epochs,F1-ratio
500,0.5043605403132075
1000,0.4909389871501527
1500,0.7961361130967277
2000,0.5518190278143068
2500,0.5502544015971855
5000,0.6400418493659767
