Epochs,F1-ratio
500,0.8886509635974303
1000,0.911134903640257
1500,0.949678800856531
2000,0.9336188436830836
2500,0.9357601713062098
5000,0.9421841541755889
