Epochs,MSAS
1,0.2816502136994591
2,0.27977797949998107
4,0.27713226672718333
8,0.2800124815613298
16,0.28135141268580505
32,0.28753356783539463
64,0.33913915049737137
100,0.3625288399712545
250,0.4392582926737017
500,0.4110934604183214
1000,0.4571806800559779
1500,0.38301183857180676
2000,0.38833163130224285
2500,0.4396327395135973
5000,0.43550058625515337
10000,0.651770112334052
