Epochs,MSAS
100,0.5764892772041302
500,0.5994175271379402
2500,0.6759729944400317
5000,0.6560762509928514
10000,0.7953799311622981
