Epochs,MSAS
500,0.5994175271379402
1000,0.6462139263966111
1500,0.605758538522637
2000,0.6122716441620334
2500,0.6759729944400317
5000,0.6560762509928514
