Epochs,MSAS
100,0.3625288399712545
500,0.4110934604183214
1000,0.4571806800559779
1500,0.38301183857180676
2000,0.38833163130224285
2500,0.4396327395135973
5000,0.43550058625515337
10000,0.651770112334052
