Epochs,TC
100,0.00099597418617168
500,0.0012527500312631
1000,0.0023086343750283803
1500,0.0014310373077089998
2000,0.00374135120441388
2500,0.00128701046034228
5000,0.00140086907976192
10000,0.0011308440805947201
