Epochs,TC
100,0.00099901040605069
500,0.0012458967110417056
2500,0.001279223632304568
5000,0.0014015653127070866
10000,0.001135195488505211
