Epochs,TC
500,0.0012458967110417056
1000,0.0022923569087078804
1500,0.0014190477780887726
2000,0.0036930845270175612
2500,0.001279223632304568
5000,0.0014015653127070866
