Epochs,TC
100,0.00099592321213784
500,0.0012505076512202402
1000,0.0022923956485143
1500,0.0014316793719420001
2000,0.0037772537332171003
2500,0.00128552364453998
5000,0.00140192606560792
10000,0.0011330219915766599
