Epochs,TC
1,0.0014646740308203198
2,0.0015381052007636198
4,0.00150045750253506
8,0.0015191805249783
16,0.00156694636170382
32,0.00160526214535914
64,0.0015614539503032
100,0.00099592321213784
250,0.00118785676286314
500,0.0012505076512202402
1000,0.0022923956485143
1500,0.0014316793719420001
2000,0.0037772537332171003
2500,0.00128552364453998
5000,0.00140192606560792
10000,0.0011330219915766599
