Epochs,AWD
50,0.12241549132717319
100,0.1325352904736665
150,0.11910087729475528
200,0.13079242880363562
250,0.1352547699171544
300,0.11972924075292388
350,0.13182359169139127
400,0.11877135260136439
450,0.1259245741790597
