Epochs,AWD
1,0.7809003589598226
2,0.7637788934112311
3,0.7700262127150425
100,0.8098347280640616
200,0.8280856080236756
300,0.8344303408208238
400,0.8887068074994611
500,0.941188271345384
1000,0.863545099562716
2500,0.8999921496734747
5000,0.7735360436056383
