Epochs,AWD
2500,0.940258969974557
400,0.9142545715681293
200,0.8755263715651506
5000,0.8413099229434009
300,0.8936906822181113
1,0.7704000883221043
500,1.0762214865205968
100,0.8501093833366242
1000,0.9151983687724546
