Epochs,AWD
1,0.7788102542580697
2,0.7616974936098522
3,0.7764699147139679
100,0.8051590223294335
200,0.82545184110719
300,0.8305824217653439
400,0.8853047071612155
500,0.9369123686390316
1000,0.8613495232315679
2500,0.8960483544263765
5000,0.770485128638715
