Epochs,F1-ratio
1,0.01078167115902965
2,0.11489040060468632
3,0.1941747572815534
100,0.3301060396496081
200,0.32248939179632247
300,0.4887955182072829
400,0.4993141289437586
500,0.2980769230769231
1000,0.4993141289437586
2500,1.0
5000,0.21771217712177124
