Epochs,F1-ratio
1,2.6394491525423724
100,2.903267690975979
200,1.9389496519931302
300,1.1886304909560723
400,1.715686274509804
500,1.5499597040076196
1000,1.2639190166305132
2500,1.7208570435291748
5000,1.62446374550152
