Epochs,F1-ratio
1,0.0036330608537693005
2,0.14449213161659513
3,0.12229679343773303
100,0.3305709023941068
200,0.3234602726845322
300,0.49022346368715086
400,0.49862637362637363
500,0.19691119691119693
1000,0.4972451790633609
2500,1.0
5000,0.22262773722627738
