Epochs,F1-ratio
1,0.12472160356347439
50,1.0
100,0.45440956651718983
150,0.4930555555555556
200,0.3277623026926648
250,0.3155363155363155
300,0.3268156424581006
350,0.3234602726845322
400,0.2912621359223301
450,0.312984496124031
500,0.0
1000,0.49022346368715086
1500,0.32538569424964936
2000,0.2773333333333333
2500,0.3150289017341041
3000,0.32248939179632247
3500,0.15653389238294899
4000,0.31755141080822574
5000,0.4503012048192771
