Epochs,F1-ratio
50,1.0
100,0.4815340909090909
150,0.4909344490934449
200,0.3282336578581363
250,0.3244256915142991
300,0.3277623026926648
350,0.3244256915142991
400,0.4830028328611898
450,0.4830028328611898
500,0.08591885441527447
1000,0.4733044733044733
1500,0.32102272727272724
2000,0.2684124386252046
2500,0.2677595628415301
5000,0.3195435092724679
