Epochs,F1-ratio
1,0.031331592689295036
2,0.2912621359223301
3,0.03626943005181347
100,0.3310344827586207
200,0.3244256915142991
300,0.43410852713178294
400,0.3140096618357488
500,0.3585237258347979
1000,0.4725433526011561
2500,0.45925925925925926
5000,0.22262773722627738
