Epochs,F1-ratio
50,2.0027472527472527
100,0.9643910776723276
150,0.9832176192008828
200,0.652622587496537
250,0.6497426624008903
300,0.6564250512718479
350,0.6497426624008903
400,0.9673325965818883
450,0.9673325965818883
