Epochs,F1-ratio
1,0.34844477711244176
100,0.3959460893558315
200,0.5224378833508648
300,0.554804432316216
400,0.5359776252224765
500,0.5056240429434432
1000,0.7295347295347295
2500,0.44212678936605315
5000,0.49957302355670913
