Epochs,F1-ratio
50,2.0027472527472527
100,0.9643910776723276
150,0.9832176192008828
200,0.652622587496537
250,0.6497426624008903
300,0.6564250512718479
350,0.6497426624008903
400,0.9673325965818883
450,0.9673325965818883
500,0.1720737496393821
1000,0.9479092336235193
1500,0.642927385114885
2000,0.537562274059819
2500,0.5362547288776797
5000,0.6399648853286514
