Epochs,MSAS
50,0.2925927881315664
100,0.3240325220421308
150,0.4788289953011985
200,0.3934058391848371
250,0.5580486774721505
300,0.4895728842194182
350,0.5154690882213188
400,0.49844253207328015
450,0.5137004382028404
