Epochs,MSAS
50,0.2925927881315664
100,0.3240325220421308
150,0.4788289953011985
200,0.3934058391848371
250,0.5580486774721505
300,0.4895728842194182
350,0.5154690882213188
400,0.49844253207328015
450,0.5137004382028404
500,0.2977403516181828
1000,0.4528799957763582
1500,0.6155957974763742
2000,0.5678686447389262
2500,0.5521091811414393
5000,0.6035584182461327
