Epochs,MSAS
50,0.5280131467313776
100,0.5505410932945543
150,0.6426222456767632
200,0.6044556133518928
250,0.6852267027972012
300,0.6784072373729664
350,0.6908667375244161
400,0.6813620895228862
450,0.6851834914291277
500,0.5380661516879611
1000,0.5950850960063209
1500,0.7274134500262628
2000,0.7058636517040202
2500,0.7122276065546878
3000,0.7155562160380635
3500,0.705289748405577
4000,0.7037161282416556
5000,0.7376003879881786
