Epochs,MSAS
1,0.29869067103109653
2,0.2901113985534026
3,0.2872076447917217
100,0.3897365503405311
200,0.4633863048413494
300,0.4901800327332243
400,0.391742780212238
500,0.4786178132094398
1000,0.5413916899846893
2500,0.5344490787181246
5000,0.5569399714904176
