Epochs,MSAS
2500,0.5227548703869911
400,0.3855921017897682
200,0.4508209703817116
5000,0.5439258750857927
300,0.4805184520352674
1,0.29470460904915263
500,0.456734068950953
100,0.38730795628530706
1000,0.5251306689192757
