Copy,AWD
1,0.13660009551543548
2,0.13661926525766344
3,0.13634224231521638
4,0.1365199213337317
5,0.13649183595058373
