Copy,AWD
1,0.15278617578283832
2,0.1512889698337957
3,0.15182931211900474
4,0.1524922779169986
5,0.1523116355518192
