Copy,AWD
1,0.028915770192631796
2,0.028641688951249654
3,0.028436712198553746
4,0.02775772664068086
5,0.028487752878731787
