Copy,AWD
1,0.08161720357785719
2,0.08100571862262819
3,0.07969589244951937
4,0.0829472474266349
5,0.08070256388703145
