Copy,AWD
1,0.0814861923477244
2,0.08187320166155258
3,0.08121464489207306
4,0.08091109372741155
5,0.08239450370423507
