Copy,AWD
1,0.02834612599544703
2,0.028653081295855767
3,0.028247484134286814
4,0.027765998602652008
5,0.027830817477405564
