Copy,AWD
1,0.07535500816024461
2,0.0752597783774251
3,0.07629984069922352
4,0.07731522751515907
5,0.07265677330566268
