Copy,AWD
1,0.12917378127744353
2,0.12921858607521264
3,0.12936921223203215
4,0.1293595343675132
5,0.12918283832952193
