Copy,AWD
1,0.13067431762343362
2,0.13070084883638614
3,0.13065988132033307
4,0.13088874762734687
5,0.13069457233348547
