Copy,AWD
1,0.11587273400781425
2,0.11608019413259188
3,0.11655378629432077
4,0.11723778333363016
5,0.11433229176225157
