Copy,AWD
1,0.12629950389659125
2,0.1261372248738674
3,0.12510287393396444
4,0.12476849565776507
5,0.12431985765875934
