Copy,AWD
1,0.06008104866666378
2,0.057324562317891334
3,0.05849031711670104
4,0.060641929719516326
5,0.05922733133195123
