Copy,AWD
1,0.05999475920207677
2,0.05763591009225885
3,0.058205929154531065
4,0.05996425318844661
5,0.06133321214766484
