Copy,AWD
1,0.11439817744652038
2,0.11453550026753449
3,0.11394383681112877
4,0.11423380763688791
5,0.11452815526150739
