Copy,AWD
1,0.1308786962673241
2,0.13118468733503402
3,0.1311992935819673
4,0.1310767243129633
5,0.13084289784139064
