Copy,AWD
1,0.10639160368329223
2,0.10657361348209704
3,0.10529254524665269
4,0.10591769237757483
5,0.10612966566954316
