Copy,AWD
1,0.1058001615390048
2,0.106648862527721
3,0.10547388212770785
4,0.10596848371992779
5,0.10660925499611462
