Copy,AWD
1,0.07326589147103035
2,0.07285398188207773
3,0.07349691672883009
4,0.07376296791876102
5,0.0716138953124342
