Copy,AWD
1,0.0994218261996685
2,0.09923696674493068
3,0.09964940073846729
4,0.09978550368398342
5,0.09971775212905377
