Copy,AWD
1,0.13304764872737357
2,0.1330375811052268
3,0.1329081273441746
4,0.13289544449876134
5,0.13329152066563013
