Copy,F1-ratio
1,0.6628264412793551
2,0.6821454377930991
3,0.7130719303300074
4,0.6657240701172799
5,0.8401965561948511
