Copy,F1-ratio
1,0.7646439391018682
2,0.9094166181571668
3,0.8608428006232579
4,0.8527274380353101
5,0.9060064395181981
