Copy,F1-ratio
1,0.6946205515987937
2,0.720401024841261
3,0.7733028031121741
4,0.8190052288809656
5,0.7497980682829667
