Copy,F1-ratio
1,0.7314074014231498
2,0.8731834125269716
3,0.9413329125336316
4,0.8565306359538117
5,0.9062490005373093
