Copy,F1-ratio
1,0.8856724548460878
2,0.8083366631198434
3,0.8185038325623872
4,0.8271461319448179
5,0.8371855755848407
