Copy,F1-ratio
1,0.8549472278403734
2,0.891700565150489
3,0.8825727696960575
4,0.8240437936193606
5,0.8874261133439496
