Copy,F1-ratio
1,0.7896848632436024
2,0.7961949155288895
3,0.8552901418437328
4,0.8057253372986735
5,0.8182514199731522
