Copy,TC
1,0.005291247569900229
2,0.0053372909299429375
3,0.0053029487774340816
4,0.005292952079552253
5,0.005295975079338297
