Copy,TC
1,0.005305036677874273
2,0.005296339571696489
3,0.005297477034709301
4,0.005287251440187299
5,0.005320212443806401
