Copy,TC
1,0.005031845590058701
2,0.005044787592839584
3,0.005067498712789821
4,0.005132262701608815
5,0.005019708963009971
