Copy,TC
1,0.004664033830665351
2,0.004698754960557085
3,0.004688737443310454
4,0.004721848183967599
5,0.004669514431310809
