Copy,TC
1,0.00496525093427549
2,0.005025285849115902
3,0.004907741480862291
4,0.005000095885412764
5,0.004912003640889106
