Copy,TC
1,0.005013942860562712
2,0.005049723379895458
3,0.005010745593089226
4,0.004987563715551378
5,0.004922419379122567
