Copy,AWD
1,0.13152828089236493
2,0.1315242994245035
3,0.13142083705070162
4,0.13131548447396146
5,0.1314172172173193
