Copy,AWD
1,0.06501419082954522
2,0.067033280054063
3,0.06660625228515306
4,0.0664108321681618
5,0.0670132911412759
