Copy,AWD
1,0.07222726746009367
2,0.07167842392815993
3,0.07198769115385288
4,0.07216130107311465
5,0.0717895889520922
