Copy,AWD
1,0.06647488049505414
2,0.06689500554570028
3,0.06628828869174065
4,0.06595311388424661
5,0.067233449462327
