Copy,AWD
1,0.07179680582246013
2,0.07237735499292154
3,0.0709406509250899
4,0.0713555319813719
5,0.0730201679196952
