Copy,AWD
1,0.07736275426727296
2,0.07899096049764572
3,0.0756203192683563
4,0.07794506100723679
5,0.07905201107371589
