Copy,AWD
1,0.07723102967006866
2,0.07764252120638067
3,0.07606532410809452
4,0.07702520582646377
5,0.07809576487132647
