Copy,AWD
1,0.12282658716297216
2,0.12261973105087887
3,0.12300621848380759
4,0.1229032641317106
5,0.12305143070823259
