Copy,AWD
1,0.1372583939023265
2,0.13727775588891292
3,0.13715200269692523
4,0.13725896949636104
5,0.13744006798976705
