Copy,AWD
1,0.07913269620599239
2,0.07974569470059731
3,0.08050128688486342
4,0.07995266497690921
5,0.0804771029784284
