Copy,AWD
1,0.0896912091890955
2,0.09000541260424154
3,0.08985318457921738
4,0.09012809684590302
5,0.08970170205311771
