Copy,AWD
1,0.07526362070883158
2,0.07694648046754039
3,0.07723847339598934
4,0.07543241213581185
5,0.07555030870270119
