Copy,AWD
1,0.07619390903497365
2,0.07889694022795306
3,0.07621312858157948
4,0.0785458275856095
5,0.07685350813687584
