Copy,AWD
1,0.12227175508858817
2,0.12263254635512259
3,0.12242426285082282
4,0.12239892829997297
5,0.12243931687930758
