Copy,AWD
1,0.13107014671881087
2,0.1310037429155365
3,0.13101170565027034
4,0.1310110107603388
5,0.13104376977826773
