Copy,AWD
1,0.06523844492327176
2,0.06436958714964391
3,0.06555385859323866
4,0.06569823807261686
5,0.06495737093135891
