Copy,AWD
1,0.054456973889675686
2,0.05392893741149846
3,0.0564402569935201
4,0.054176596581549295
5,0.05430038079478319
