Copy,AWD
1,0.1091222034223207
2,0.10905287256719343
3,0.10908207863608439
4,0.10889831588361737
5,0.10907605204031652
