Copy,AWD
1,0.12764822410830468
2,0.12755007880398087
3,0.1273859875929603
4,0.12757340834312184
5,0.12750268711957322
