Epochs,AWD
400,0.9142545715681293
200,0.8755263715651506
300,0.8936906822181113
500,1.0762214865205968
100,0.8501093833366242
