Epochs,F1-ratio
1,2.8698952192281073
100,2.5255963548646476
200,1.9141031534430448
300,1.8024369340835413
400,1.8657495256166983
500,1.9777540525537378
1000,1.3707366620335721
2500,2.261794634597595
5000,2.0017093654907585
