Epoch,MSAS
400,0.3855921017897682
200,0.4508209703817116
300,0.4805184520352674
500,0.456734068950953
100,0.38730795628530706
