Epochs,AWD
,0.11877135260136439
,0.13079242880363562
,0.12241549132717319
,0.1259245741790597
,0.11972924075292388
,0.1352547699171544
,0.11910087729475528
,0.13182359169139127
,0.1325352904736665
