metric,correlation,p_value,ci_lower,ci_upper
AWD_output.csv,0.023529411764705882,0.931073583667659,-0.5985423807711324,0.6278991055361123
MSAS_output.csv,-0.6382352941176471,0.007801138631008009,-0.8995005402017348,-0.040761334883942436
TC_output.csv,-0.7058823529411764,0.002245900601051328,-0.9206591768726975,-0.16305393508658275
