metric,correlation,p_value
MSAS,-0.3106295149638803,0.20962534083657886
AWD,0.04385964912280702,0.8584985542787698
