metric,correlation,p_value
MSAS,0.5694775594727565,0.06744335731677838
AWD,0.7425987375524745,0.008849986875097558
