metric,correlation,p_value
MSAS,0.45,0.22421610749233659
AWD,0.38333333333333336,0.30849527238037144
