metric,correlation,p_value,ci_lower,ci_upper
AWD_output.csv,0.023529411764705882,0.931073583667659,-0.5985727619323149,0.6279277821655351
MSAS_output.csv,-0.6382352941176471,0.007801138631008009,-0.8995095774761606,-0.040714070774525574
TC_output.csv,-0.7058823529411764,0.002245900601051328,-0.9206663909516982,-0.163007850733567
