metric,correlation,p_value
MSAS,-0.5882560647712126,0.09567914828619992
AWD,-0.6722926454528144,0.04727493829047442
