metric,correlation,p_value
MSAS,-0.4776394046994646,0.07176188270649625
AWD,-0.2683367442131824,0.33354558967402226
