metric,correlation,p_value
MSAS,0.5818181818181819,0.060419896215648305
AWD,0.6363636363636364,0.03528698122006228
