metric,correlation,p_value
MSAS,0.5909090909090909,0.05557560428877463
AWD,0.7272727272727273,0.011204967253592057
