metric,correlation,p_value
MSAS,0.350798176635218,0.29017357578118624
AWD,0.6241474051821412,0.04012404790153547
