metric,correlation,p_value,ci_lower,ci_upper
AWD_output.csv,-0.09934017595307917,0.5885515736997657,-0.5212249040999274,0.3615625629181727
MSAS_output.csv,-0.5157624633431084,0.002516593010061113,-0.7813784664140961,-0.09193760373777489
TC_output.csv,-0.8258797653958944,5.909370336904744e-09,-0.92932090617422,-0.6022590060428592
