metric,correlation,p_value
MSAS,-0.48837287446799194,0.06473413647154884
AWD,0.3291597395681704,0.23092504375699202
