Copy,F1-ratio
1,1.013073708322892
2,0.9878963718808756
3,0.9911155541113805
4,1.009445038616099
5,1.0050445010940743
