Copy,F1-ratio
1,0.9925059740260634
2,0.9824900352249692
3,0.9861977330157898
4,0.9892422484836857
5,0.9748913899299418
