Copy,AWD
1,0.1521302573831861
2,0.15176249797289101
3,0.1522104172045352
4,0.1523947430539078
5,0.1519424443283441
