Copy,AWD
1,0.1521302573831861
1,0.10639160368329223
1,0.08161720357785719
2,0.15176249797289101
2,0.10657361348209704
2,0.08100571862262819
3,0.10529254524665269
3,0.1522104172045352
3,0.07969589244951937
4,0.0829472474266349
4,0.1523947430539078
4,0.10591769237757483
5,0.1519424443283441
5,0.10612966566954316
5,0.08070256388703145
