Copy,AWD
1,0.07560851579270791
2,0.07565823693028133
3,0.0759744028071742
4,0.0752492926890706
5,0.07278413088547384
