Copy,AWD
1,0.11857385543728347
2,0.11699049159588629
3,0.11896131103849145
4,0.11885588786075368
5,0.11548037840211589
