Copy,AWD
1,0.07357476541468845
2,0.07334485664718494
3,0.07354021411096853
4,0.07542460227927474
5,0.07302495513644798
