Copy,AWD
1,0.10186898494646242
2,0.10131358658190619
3,0.1014125956278848
4,0.10148395955176524
5,0.10128428398126482
