Copy,AWD
1,0.10191003701091274
2,0.10167239147865192
3,0.10197494487394941
4,0.10165707408736253
5,0.10154883086926642
