Copy,AWD
1,0.07942339034809791
2,0.08078999512798449
3,0.07971997423774727
4,0.08006292274339656
5,0.08041408030481245
