Copy,AWD
1,0.06564408118518929
2,0.06442596532402799
3,0.06602261285536147
4,0.0638817419063588
5,0.06499146115165237
