Copy,AWD
1,0.05485477456717249
2,0.05517416986674375
3,0.05530558838531502
4,0.055978381163899305
5,0.05336951169279178
